{
  "users": {
    "919366316018@s.whatsapp.net": {
      "serialNumber": "5748ef2731f9b0ab993964d915670166",
      "title": "Premium",
      "afkTime": -1,
      "badword": 0,
      "afkReason": "",
      "nick": "Hui",
      "premium": false,
      "limit": 1000,
      "totalLimit": 0
    },
    "916909137213@s.whatsapp.net": {
      "serialNumber": "51b5bea707a330943f3f5622ddccf7b8",
      "title": "Premium",
      "afkTime": -1,
      "badword": 0,
      "afkReason": "",
      "nick": "+91 69091 37213",
      "premium": "true",
      "limit": 1000,
      "totalLimit": 0
    },
    "919402104403@s.whatsapp.net": {
      "serialNumber": "42d9404996157ee8f33424778fed1808",
      "title": "Premium",
      "afkTime": -1,
      "badword": 0,
      "afkReason": "",
      "nick": "+91 94021 04403",
      "premium": "true",
      "limit": 1000,
      "totalLimit": 0
    },
    "919485490229@s.whatsapp.net": {
      "serialNumber": "b9cafccdf830015fbc7e39f1e3eda9f1",
      "title": "Premium",
      "afkTime": -1,
      "badword": 0,
      "afkReason": "",
      "nick": "+91 94854 90229",
      "premium": "true",
      "limit": 1000,
      "totalLimit": 0
    },
    "919863061187@s.whatsapp.net": {
      "serialNumber": "abd166c4c2f50a0cacf11384665e6029",
      "title": "User",
      "afkTime": -1,
      "badword": 0,
      "afkReason": "",
      "nick": "🎀🐰",
      "premium": "false",
      "limit": 100,
      "totalLimit": 0
    },
    "918798190868@s.whatsapp.net": {
      "serialNumber": "050293a020d7d4b3983ef6f1f2956e16",
      "title": "User",
      "afkTime": -1,
      "badword": 0,
      "afkReason": "",
      "nick": "chakmasurjyodhan",
      "premium": "false",
      "limit": 100,
      "totalLimit": 0
    },
    "918798610640@s.whatsapp.net": {
      "serialNumber": "973d5dbd2e0592ef1bc2bec6f29a3007",
      "title": "User",
      "afkTime": -1,
      "badword": 0,
      "afkReason": "",
      "nick": "Angel",
      "premium": "false",
      "limit": 100,
      "totalLimit": 0
    },
    "916297175943@s.whatsapp.net": {
      "serialNumber": "b72a3be037e372fc3de699f6cd455f49",
      "title": "User",
      "afkTime": -1,
      "badword": 0,
      "afkReason": "",
      "nick": "Kai?",
      "premium": "false",
      "limit": 100,
      "totalLimit": 0
    },
    "918927828445@s.whatsapp.net": {
      "serialNumber": "8ac318d64a14a0698c7c018c22aeeece",
      "title": "User",
      "afkTime": -1,
      "badword": 0,
      "afkReason": "",
      "nick": "꧁༒~Aryan Chatterjee~༒꧂",
      "premium": false,
      "limit": 100,
      "totalLimit": 0
    },
    "917085760579@s.whatsapp.net": {
      "serialNumber": "1653e2ca4fc57013e3588b9ed3ddcc25",
      "title": "User",
      "afkTime": -1,
      "badword": 0,
      "afkReason": "",
      "nick": "Tulica",
      "premium": false,
      "limit": 100,
      "totalLimit": 0
    },
    "6283198768866@s.whatsapp.net": {
      "serialNumber": "7b6775fca89c93e78c495552de00408c",
      "title": "Premium",
      "afkTime": -1,
      "badword": 0,
      "afkReason": "",
      "nick": "const Lorenzo = require('Lorenzxz')",
      "premium": "true",
      "limit": 1000,
      "totalLimit": 0
    },
    "6283825536262@s.whatsapp.net": {
      "serialNumber": "6c05b7c2c193e613c3e8254a33e76558",
      "title": "Premium",
      "afkTime": -1,
      "badword": 0,
      "afkReason": "",
      "nick": "include",
      "premium": "true",
      "limit": 1000,
      "totalLimit": 0
    },
    "6283171043979@s.whatsapp.net": {
      "serialNumber": "dce8f5ec9097cdcbd3b52383f1df1564",
      "title": "User",
      "afkTime": -1,
      "badword": 0,
      "afkReason": "",
      "nick": "Sanzmd",
      "premium": false,
      "limit": 100,
      "totalLimit": 0
    },
    "6285815812015@s.whatsapp.net": {
      "serialNumber": "9f734d2ad98aca8f332111c609b4c1b9",
      "title": "User",
      "afkTime": -1,
      "badword": 0,
      "afkReason": "",
      "nick": "alpha",
      "premium": "false",
      "limit": 100,
      "totalLimit": 0
    },
    "6287892112670@s.whatsapp.net": {
      "serialNumber": "29fc4170a7965b4da36808def373dc8f",
      "title": "User",
      "afkTime": -1,
      "badword": 0,
      "afkReason": "",
      "nick": "Kepin",
      "premium": "false",
      "limit": 100,
      "totalLimit": 0
    },
    "6281225179060@s.whatsapp.net": {
      "serialNumber": "effc008417164e4bda2c801d4729af76",
      "title": "User",
      "afkTime": -1,
      "badword": 0,
      "afkReason": "",
      "nick": "console.log(\"fahri\");",
      "premium": false,
      "limit": 100,
      "totalLimit": 0
    },
    "6285691304150@s.whatsapp.net": {
      "serialNumber": "7724b4bbed3b905f49f2989f0ac2e948",
      "title": "User",
      "afkTime": -1,
      "badword": 0,
      "afkReason": "",
      "nick": "Rioo?",
      "premium": false,
      "limit": 100,
      "totalLimit": 0
    },
    "6287754463465@s.whatsapp.net": {
      "serialNumber": "f4f6416a166987a2eddadf3c7f9f5e95",
      "title": "User",
      "afkTime": -1,
      "badword": 0,
      "afkReason": "",
      "nick": "ᅠ ᅠ ᅠ  ᅠ ᅠ  ᅠ ᅠ ᅠ ᅠᅠ ᅠ ᅠ  ᅠ ᅠ  ᅠ ᅠ ᅠ ᅠᅠ ᅠ ᅠ  ᅠ ᅠ  ᅠ ᅠ ᅠ ᅠᅠ ᅠ ᅠ  ᅠ ᅠ OFFLINE",
      "premium": false,
      "limit": 100,
      "totalLimit": 0
    },
    "6285850213046@s.whatsapp.net": {
      "serialNumber": "2f40b77f9d86a3c2a9dcf55490edf46b",
      "title": "User",
      "afkTime": -1,
      "badword": 0,
      "afkReason": "",
      "nick": "Z For Zanspiw",
      "premium": false,
      "limit": 100,
      "totalLimit": 0
    },
    "6283830003372@s.whatsapp.net": {
      "serialNumber": "987189ccb7770599e3de8b48323cc9ce",
      "title": "User",
      "afkTime": -1,
      "badword": 0,
      "afkReason": "",
      "nick": "- ly",
      "premium": false,
      "limit": 100,
      "totalLimit": 0
    },
    "6283101191009@s.whatsapp.net": {
      "serialNumber": "7644b3ae72d9be18477efb920e2d8d9d",
      "title": "User",
      "afkTime": -1,
      "badword": 0,
      "afkReason": "",
      "nick": "RULZ",
      "premium": false,
      "limit": 100,
      "totalLimit": 0
    },
    "6285607265790@s.whatsapp.net": {
      "serialNumber": "e0a556b6d8f7be5a11c1be7a7efa9a5d",
      "title": "User",
      "afkTime": -1,
      "badword": 0,
      "afkReason": "",
      "nick": "ZannCvz",
      "premium": "false",
      "limit": 100,
      "totalLimit": 0
    },
    "6289667644225@s.whatsapp.net": {
      "serialNumber": "c4aa0946923720fcdf201be220806473",
      "title": "User",
      "afkTime": -1,
      "badword": 0,
      "afkReason": "",
      "nick": "inziebrokenhearts",
      "premium": false,
      "limit": 100,
      "totalLimit": 0
    },
    "6285159870908@s.whatsapp.net": {
      "serialNumber": "ad25d450f7b81e6796598c38c901e3a3",
      "title": "User",
      "afkTime": -1,
      "badword": 0,
      "afkReason": "",
      "nick": "Dhil",
      "premium": false,
      "limit": 100,
      "totalLimit": 0
    },
    "6281515881647@s.whatsapp.net": {
      "serialNumber": "2b5448ef11c7c8c3efa5d41c76e85168",
      "title": "Premium",
      "afkTime": -1,
      "badword": 0,
      "afkReason": "",
      "nick": "VBOT.INZ",
      "premium": "true",
      "limit": 1000,
      "totalLimit": 0
    },
    "6281272255733@s.whatsapp.net": {
      "serialNumber": "fb5df409f54c323bb3f421d52b950c09",
      "title": "User",
      "afkTime": -1,
      "badword": 0,
      "afkReason": "",
      "nick": "Davin",
      "premium": false,
      "limit": 100,
      "totalLimit": 0
    },
    "6281374801712@s.whatsapp.net": {
      "serialNumber": "38309a8e89c3572beebfafc8796a1f5c",
      "title": "User",
      "afkTime": -1,
      "badword": 0,
      "afkReason": "",
      "nick": "YUDA STORE³",
      "premium": "false",
      "limit": 100,
      "totalLimit": 0
    },
    "6281997707088@s.whatsapp.net": {
      "serialNumber": "35ffa7d3af6bcf7904abf4620159687d",
      "title": "User",
      "afkTime": -1,
      "badword": 0,
      "afkReason": "",
      "nick": "Fanny X Tiktok",
      "premium": false,
      "limit": 100,
      "totalLimit": 0
    },
    "6287821583231@s.whatsapp.net": {
      "serialNumber": "1d115f72e76f938afd1d5e5662071a74",
      "title": "User",
      "afkTime": -1,
      "badword": 0,
      "afkReason": "",
      "nick": "DENZZ4YOU JP¹",
      "premium": false,
      "limit": 100,
      "totalLimit": 0
    },
    "6282358759328@s.whatsapp.net": {
      "serialNumber": "6630d8fb7da393d674b9bc0ef1a075f5",
      "title": "User",
      "afkTime": -1,
      "badword": 0,
      "afkReason": "",
      "nick": "ROYZ STORZ",
      "premium": false,
      "limit": 100,
      "totalLimit": 0
    },
    "6285143077021@s.whatsapp.net": {
      "serialNumber": "7d9a1c6debd7820fe3a7fd6d0e6071ca",
      "title": "User",
      "afkTime": -1,
      "badword": 0,
      "afkReason": "",
      "nick": "Finzstore",
      "premium": "false",
      "limit": 100,
      "totalLimit": 0
    },
    "628565018026@s.whatsapp.net": {
      "serialNumber": "2799b141835fa23fd0a8b45a889e8a5b",
      "title": "User",
      "afkTime": -1,
      "badword": 0,
      "afkReason": "",
      "nick": "za",
      "premium": "false",
      "limit": 100,
      "totalLimit": 0
    },
    "62895391026892@s.whatsapp.net": {
      "serialNumber": "49d40e6f9a00c258ff4863958abf2219",
      "title": "User",
      "afkTime": -1,
      "badword": 0,
      "afkReason": "",
      "nick": "admin@azzam-shop.xyz",
      "premium": "false",
      "limit": 100,
      "totalLimit": 0
    },
    "6283131991790@s.whatsapp.net": {
      "serialNumber": "77c528ab24e83e78116afb4c311883c4",
      "title": "User",
      "afkTime": -1,
      "badword": 0,
      "afkReason": "",
      "nick": "ოαlα🌀",
      "premium": false,
      "limit": 100,
      "totalLimit": 0
    },
    "6289686753306@s.whatsapp.net": {
      "serialNumber": "064d30687a98dfea1251debf7258b6b9",
      "title": "User",
      "afkTime": -1,
      "badword": 0,
      "afkReason": "",
      "nick": "𝙔𝙏 : 𝙣𝙤𝙫𝙖𝙡𝙣𝙚𝙨𝙞𝙖 𝙝𝙤𝙨𝙩𝙞𝙣𝙜",
      "premium": "false",
      "limit": 100,
      "totalLimit": 0
    },
    "6282288303349@s.whatsapp.net": {
      "serialNumber": "46cf38878cfc55a392f29694cd4dec34",
      "title": "User",
      "afkTime": -1,
      "badword": 0,
      "afkReason": "",
      "nick": "REKZ-HOST",
      "premium": "false",
      "limit": 100,
      "totalLimit": 0
    },
    "6283848020156@s.whatsapp.net": {
      "serialNumber": "69762597edf3b8955e8298a29341fec3",
      "title": "User",
      "afkTime": -1,
      "badword": 0,
      "afkReason": "",
      "nick": "Wisnu Fahrin",
      "premium": false,
      "limit": 100,
      "totalLimit": 0
    },
    "62895326401543@s.whatsapp.net": {
      "serialNumber": "91b131140db72af10a26ea44fb8ef134",
      "title": "User",
      "afkTime": -1,
      "badword": 0,
      "afkReason": "",
      "nick": "RIAN",
      "premium": "false",
      "limit": 100,
      "totalLimit": 0
    },
    "6285364186416@s.whatsapp.net": {
      "serialNumber": "37ee62b339953e3fcb28c7f2b13c7470",
      "title": "User",
      "afkTime": -1,
      "badword": 0,
      "afkReason": "",
      "nick": "Ilham BotZ MD V13",
      "premium": false,
      "limit": 100,
      "totalLimit": 0
    },
    "6283167369440@s.whatsapp.net": {
      "serialNumber": "0b739a51301614fb6c610b021378ab5a",
      "title": "User",
      "afkTime": -1,
      "badword": 0,
      "afkReason": "",
      "nick": "FINZZ STOK",
      "premium": "false",
      "limit": 100,
      "totalLimit": 0
    },
    "6285758222614@s.whatsapp.net": {
      "serialNumber": "bef0c0fb3fdae9e2e554f6b43ebc7266",
      "title": "User",
      "afkTime": -1,
      "badword": 0,
      "afkReason": "",
      "nick": "P",
      "premium": false,
      "limit": 100,
      "totalLimit": 0
    },
    "6283136172061@s.whatsapp.net": {
      "serialNumber": "b17864d60602430160eee6b4d572b3e9",
      "title": "User",
      "afkTime": -1,
      "badword": 0,
      "afkReason": "",
      "nick": "rahadianandap",
      "premium": "false",
      "limit": 100,
      "totalLimit": 0
    },
    "6289502189336@s.whatsapp.net": {
      "serialNumber": "10de9cb6a3f2c86c1ac7071ce51aa536",
      "title": "User",
      "afkTime": -1,
      "badword": 0,
      "afkReason": "",
      "nick": "kyyzu",
      "premium": "false",
      "limit": 100,
      "totalLimit": 0
    },
    "6281646836934@s.whatsapp.net": {
      "serialNumber": "307002efe831034eabef5c0d7f267dc4",
      "title": "User",
      "afkTime": -1,
      "badword": 0,
      "afkReason": "",
      "nick": "HANZ JEBEH REAL",
      "premium": "false",
      "limit": 100,
      "totalLimit": 0
    },
    "62895321958221@s.whatsapp.net": {
      "serialNumber": "1a9f8d4701ab16230c2d541444cdeafe",
      "title": "User",
      "afkTime": -1,
      "badword": 0,
      "afkReason": "",
      "nick": "Hamba Allah",
      "premium": false,
      "limit": 100,
      "totalLimit": 0
    },
    "6283152299006@s.whatsapp.net": {
      "serialNumber": "11f7bfb4c607d9888cf4505e32bfa61b",
      "title": "User",
      "afkTime": -1,
      "badword": 0,
      "afkReason": "",
      "nick": "Pillo",
      "premium": "false",
      "limit": 100,
      "totalLimit": 0
    },
    "628157915714@s.whatsapp.net": {
      "serialNumber": "cc2173f182dd6249fabeeb69deaa95da",
      "title": "User",
      "afkTime": -1,
      "badword": 0,
      "afkReason": "",
      "nick": "_-5-_",
      "premium": false,
      "limit": 100,
      "totalLimit": 0
    },
    "6288235254015@s.whatsapp.net": {
      "serialNumber": "9018e41b234b0f15fba71e67022fe311",
      "title": "User",
      "afkTime": -1,
      "badword": 0,
      "afkReason": "",
      "nick": "VANZ STORE[1708]",
      "premium": "false",
      "limit": 100,
      "totalLimit": 0
    },
    "6285256839050@s.whatsapp.net": {
      "serialNumber": "267c20db3e9ceca8b9188c0f366ee447",
      "title": "User",
      "afkTime": -1,
      "badword": 0,
      "afkReason": "",
      "nick": "~√~",
      "premium": "false",
      "limit": 100,
      "totalLimit": 0
    },
    "6283192136255@s.whatsapp.net": {
      "serialNumber": "97839b5854fa2cee95ac34c46657a19d",
      "title": "User",
      "afkTime": -1,
      "badword": 0,
      "afkReason": "",
      "nick": "𝐚𝐢 𝐛𝐨𝐭𝐳 𝐰𝐡𝐚𝐭𝐬𝐚𝐩𝐩 - 𝗸𝗲𝗻𝘇𝘇𝘅𝗱",
      "premium": false,
      "limit": 100,
      "totalLimit": 0
    },
    "6285930464510@s.whatsapp.net": {
      "serialNumber": "b093913c904d81cae310a348cd313d2c",
      "title": "User",
      "afkTime": -1,
      "badword": 0,
      "afkReason": "",
      "nick": "Alisaaaaa",
      "premium": "false",
      "limit": 100,
      "totalLimit": 0
    },
    "60193721107@s.whatsapp.net": {
      "serialNumber": "985672d61bbff61a594a5cbc691ec957",
      "title": "User",
      "afkTime": -1,
      "badword": 0,
      "afkReason": "",
      "nick": "y casa masilla Suami instruye",
      "premium": "false",
      "limit": 100,
      "totalLimit": 0
    },
    "6282241657764@s.whatsapp.net": {
      "serialNumber": "7268eb8f603266b7331c081a0e4b25f7",
      "title": "User",
      "afkTime": -1,
      "badword": 0,
      "afkReason": "",
      "nick": "Just.Ell",
      "premium": false,
      "limit": 100,
      "totalLimit": 0
    },
    "628812863051@s.whatsapp.net": {
      "serialNumber": "799a1ec8452fbd9810c341d5aeaf327b",
      "title": "User",
      "afkTime": -1,
      "badword": 0,
      "afkReason": "",
      "nick": "Dikzz Jp¹",
      "premium": "false",
      "limit": 100,
      "totalLimit": 0
    },
    "6281371944215@s.whatsapp.net": {
      "serialNumber": "9b07f68d877f9ac8040ac07124ab115d",
      "title": "User",
      "afkTime": -1,
      "badword": 0,
      "afkReason": "",
      "nick": "𝘼𝙘𝙞𝙡 𝙉𝙮𝙚𝙗𝙚𝙡𝙞𝙣😋",
      "premium": false,
      "limit": 100,
      "totalLimit": 0
    },
    "6287863805948@s.whatsapp.net": {
      "serialNumber": "9ebe1ac8a7700c7fb1e95a1e98de2fa3",
      "title": "User",
      "afkTime": -1,
      "badword": 0,
      "afkReason": "",
      "nick": "blank!!",
      "premium": "false",
      "limit": 100,
      "totalLimit": 0
    },
    "6283803817739@s.whatsapp.net": {
      "serialNumber": "f9a206d8262b1d1d0a1ba2ca416f5a34",
      "title": "User",
      "afkTime": -1,
      "badword": 0,
      "afkReason": "",
      "nick": "Caramël",
      "premium": "false",
      "limit": 100,
      "totalLimit": 0
    },
    "6281215613269@s.whatsapp.net": {
      "serialNumber": "1c67129b4499bf1cb56d9bce8761c13a",
      "title": "User",
      "afkTime": -1,
      "badword": 0,
      "afkReason": "",
      "nick": "N🤙",
      "premium": "false",
      "limit": 100,
      "totalLimit": 0
    },
    "6282321052420@s.whatsapp.net": {
      "serialNumber": "7a7205223f08642ae1b1f37a1675fa99",
      "title": "User",
      "afkTime": -1,
      "badword": 0,
      "afkReason": "",
      "nick": "hendramsc24",
      "premium": "false",
      "limit": 100,
      "totalLimit": 0
    },
    "62815118634702@s.whatsapp.net": {
      "serialNumber": "f2c864dbfb44fb4c2c7c6b0d14d77b8d",
      "title": "User",
      "afkTime": -1,
      "badword": 0,
      "afkReason": "",
      "nick": "IKYKY OFFICIAL ⚡🌐",
      "premium": false,
      "limit": 100,
      "totalLimit": 0
    },
    "6282139677593@s.whatsapp.net": {
      "serialNumber": "56703750a25d1d14300f80058202f671",
      "title": "User",
      "afkTime": -1,
      "badword": 0,
      "afkReason": "",
      "nick": "ⴽ𐌊 heker tzy",
      "premium": "false",
      "limit": 100,
      "totalLimit": 0
    },
    "84775379829@s.whatsapp.net": {
      "serialNumber": "074030b68c218049590fc7d116afbb83",
      "title": "User",
      "afkTime": -1,
      "badword": 0,
      "afkReason": "",
      "nick": "alya-san",
      "premium": "false",
      "limit": 100,
      "totalLimit": 0
    },
    "6282221263886@s.whatsapp.net": {
      "serialNumber": "09822cc4b561eec107204747c2a867a4",
      "title": "User",
      "afkTime": -1,
      "badword": 0,
      "afkReason": "",
      "nick": "𝙂𝙖𝙣𝙭𝙯 𝙃𝙤𝙨𝙩𝙞𝙣𝙜",
      "premium": "false",
      "limit": 100,
      "totalLimit": 0
    }
  },
  "database": {},
  "chats": {
    "120363047626537933@g.us": {
      "badword": false,
      "antiforeignnum": false,
      "antibot": false,
      "antiviewonce": false,
      "antispam": false,
      "antivirtex": false,
      "antimedia": false,
      "antiimage": false,
      "antivideo": false,
      "antiaudio": false,
      "antipoll": false,
      "antisticker": false,
      "antilocation": false,
      "antidocument": false,
      "anticontact": false,
      "antilink": false,
      "antipromotion": false,
      "antilinkgc": false
    },
    "916909137213@s.whatsapp.net": {
      "badword": false,
      "antiforeignnum": false,
      "antibot": false,
      "antiviewonce": false,
      "antispam": false,
      "antivirtex": false,
      "antimedia": false,
      "antiimage": false,
      "antivideo": false,
      "antiaudio": false,
      "antipoll": false,
      "antisticker": false,
      "antilocation": false,
      "antidocument": false,
      "anticontact": false,
      "antilink": false,
      "antipromotion": false,
      "antilinkgc": false
    },
    "6289529333847@s.whatsapp.net": {
      "badword": false,
      "antiforeignnum": false,
      "antibot": false,
      "antiviewonce": false,
      "antispam": false,
      "antivirtex": false,
      "antimedia": false,
      "antiimage": false,
      "antivideo": false,
      "antiaudio": false,
      "antipoll": false,
      "antisticker": false,
      "antilocation": false,
      "antidocument": false,
      "anticontact": false,
      "antilink": false,
      "antipromotion": false,
      "antilinkgc": false
    },
    "919402104403@s.whatsapp.net": {
      "badword": false,
      "antiforeignnum": false,
      "antibot": false,
      "antiviewonce": false,
      "antispam": false,
      "antivirtex": false,
      "antimedia": false,
      "antiimage": false,
      "antivideo": false,
      "antiaudio": false,
      "antipoll": false,
      "antisticker": false,
      "antilocation": false,
      "antidocument": false,
      "anticontact": false,
      "antilink": false,
      "antipromotion": false,
      "antilinkgc": false
    },
    "919485490229@s.whatsapp.net": {
      "badword": false,
      "antiforeignnum": false,
      "antibot": false,
      "antiviewonce": false,
      "antispam": false,
      "antivirtex": false,
      "antimedia": false,
      "antiimage": false,
      "antivideo": false,
      "antiaudio": false,
      "antipoll": false,
      "antisticker": false,
      "antilocation": false,
      "antidocument": false,
      "anticontact": false,
      "antilink": false,
      "antipromotion": false,
      "antilinkgc": false
    },
    "120363295572482886@g.us": {
      "badword": false,
      "antiforeignnum": false,
      "antibot": false,
      "antiviewonce": false,
      "antispam": false,
      "antivirtex": false,
      "antimedia": false,
      "antiimage": false,
      "antivideo": false,
      "antiaudio": false,
      "antipoll": false,
      "antisticker": false,
      "antilocation": false,
      "antidocument": false,
      "anticontact": false,
      "antilink": false,
      "antipromotion": false,
      "antilinkgc": false
    },
    "919485022101-1394364444@g.us": {
      "badword": false,
      "antiforeignnum": false,
      "antibot": false,
      "antiviewonce": false,
      "antispam": false,
      "antivirtex": false,
      "antimedia": false,
      "antiimage": false,
      "antivideo": false,
      "antiaudio": false,
      "antipoll": false,
      "antisticker": false,
      "antilocation": false,
      "antidocument": false,
      "anticontact": false,
      "antilink": false,
      "antipromotion": false,
      "antilinkgc": false
    },
    "status@broadcast": {
      "badword": false,
      "antiforeignnum": false,
      "antibot": false,
      "antiviewonce": false,
      "antispam": false,
      "antivirtex": false,
      "antimedia": false,
      "antiimage": false,
      "antivideo": false,
      "antiaudio": false,
      "antipoll": false,
      "antisticker": false,
      "antilocation": false,
      "antidocument": false,
      "anticontact": false,
      "antilink": false,
      "antipromotion": false,
      "antilinkgc": false
    },
    "919366316018@s.whatsapp.net": {
      "badword": false,
      "antiforeignnum": false,
      "antibot": false,
      "antiviewonce": false,
      "antispam": false,
      "antivirtex": false,
      "antimedia": false,
      "antiimage": false,
      "antivideo": false,
      "antiaudio": false,
      "antipoll": false,
      "antisticker": false,
      "antilocation": false,
      "antidocument": false,
      "anticontact": false,
      "antilink": false,
      "antipromotion": false,
      "antilinkgc": false
    },
    "6283198768866@s.whatsapp.net": {
      "badword": false,
      "antiforeignnum": false,
      "antibot": false,
      "antiviewonce": false,
      "antispam": false,
      "antivirtex": false,
      "antimedia": false,
      "antiimage": false,
      "antivideo": false,
      "antiaudio": false,
      "antipoll": false,
      "antisticker": false,
      "antilocation": false,
      "antidocument": false,
      "anticontact": false,
      "antilink": false,
      "antipromotion": false,
      "antilinkgc": false
    },
    "120363028360534244@g.us": {
      "badword": false,
      "antiforeignnum": false,
      "antibot": false,
      "antiviewonce": false,
      "antispam": false,
      "antivirtex": false,
      "antimedia": false,
      "antiimage": false,
      "antivideo": false,
      "antiaudio": false,
      "antipoll": false,
      "antisticker": false,
      "antilocation": false,
      "antidocument": false,
      "anticontact": false,
      "antilink": false,
      "antipromotion": false,
      "antilinkgc": false
    },
    "120363231947474414@g.us": {
      "badword": false,
      "antiforeignnum": false,
      "antibot": false,
      "antiviewonce": false,
      "antispam": false,
      "antivirtex": false,
      "antimedia": false,
      "antiimage": false,
      "antivideo": false,
      "antiaudio": false,
      "antipoll": false,
      "antisticker": false,
      "antilocation": false,
      "antidocument": false,
      "anticontact": false,
      "antilink": false,
      "antipromotion": false,
      "antilinkgc": false
    },
    "6283101191009@s.whatsapp.net": {
      "badword": false,
      "antiforeignnum": false,
      "antibot": false,
      "antiviewonce": false,
      "antispam": false,
      "antivirtex": false,
      "antimedia": false,
      "antiimage": false,
      "antivideo": false,
      "antiaudio": false,
      "antipoll": false,
      "antisticker": false,
      "antilocation": false,
      "antidocument": false,
      "anticontact": false,
      "antilink": false,
      "antipromotion": false,
      "antilinkgc": false
    },
    "6289667644225@s.whatsapp.net": {
      "badword": false,
      "antiforeignnum": false,
      "antibot": false,
      "antiviewonce": false,
      "antispam": false,
      "antivirtex": false,
      "antimedia": false,
      "antiimage": false,
      "antivideo": false,
      "antiaudio": false,
      "antipoll": false,
      "antisticker": false,
      "antilocation": false,
      "antidocument": false,
      "anticontact": false,
      "antilink": false,
      "antipromotion": false,
      "antilinkgc": false
    },
    "120363273587340955@g.us": {
      "badword": false,
      "antiforeignnum": false,
      "antibot": false,
      "antiviewonce": false,
      "antispam": false,
      "antivirtex": false,
      "antimedia": false,
      "antiimage": false,
      "antivideo": false,
      "antiaudio": false,
      "antipoll": false,
      "antisticker": false,
      "antilocation": false,
      "antidocument": false,
      "anticontact": false,
      "antilink": false,
      "antipromotion": false,
      "antilinkgc": false
    },
    "120363293827000115@g.us": {
      "badword": false,
      "antiforeignnum": false,
      "antibot": false,
      "antiviewonce": false,
      "antispam": false,
      "antivirtex": false,
      "antimedia": false,
      "antiimage": false,
      "antivideo": false,
      "antiaudio": false,
      "antipoll": false,
      "antisticker": false,
      "antilocation": false,
      "antidocument": false,
      "anticontact": false,
      "antilink": false,
      "antipromotion": false,
      "antilinkgc": false
    },
    "120363298596521934@g.us": {
      "badword": false,
      "antiforeignnum": false,
      "antibot": false,
      "antiviewonce": false,
      "antispam": false,
      "antivirtex": false,
      "antimedia": false,
      "antiimage": false,
      "antivideo": false,
      "antiaudio": false,
      "antipoll": false,
      "antisticker": false,
      "antilocation": false,
      "antidocument": false,
      "anticontact": false,
      "antilink": false,
      "antipromotion": false,
      "antilinkgc": false
    },
    "120363297871043384@g.us": {
      "badword": false,
      "antiforeignnum": false,
      "antibot": false,
      "antiviewonce": false,
      "antispam": false,
      "antivirtex": false,
      "antimedia": false,
      "antiimage": false,
      "antivideo": false,
      "antiaudio": false,
      "antipoll": false,
      "antisticker": false,
      "antilocation": false,
      "antidocument": false,
      "anticontact": false,
      "antilink": false,
      "antipromotion": false,
      "antilinkgc": false
    },
    "120363298163074326@g.us": {
      "badword": false,
      "antiforeignnum": false,
      "antibot": false,
      "antiviewonce": false,
      "antispam": false,
      "antivirtex": false,
      "antimedia": false,
      "antiimage": false,
      "antivideo": false,
      "antiaudio": false,
      "antipoll": false,
      "antisticker": false,
      "antilocation": false,
      "antidocument": false,
      "anticontact": false,
      "antilink": false,
      "antipromotion": false,
      "antilinkgc": false
    },
    "120363314315680687@g.us": {
      "badword": false,
      "antiforeignnum": false,
      "antibot": false,
      "antiviewonce": false,
      "antispam": false,
      "antivirtex": false,
      "antimedia": false,
      "antiimage": false,
      "antivideo": false,
      "antiaudio": false,
      "antipoll": false,
      "antisticker": false,
      "antilocation": false,
      "antidocument": false,
      "anticontact": false,
      "antilink": false,
      "antipromotion": false,
      "antilinkgc": false
    },
    "120363294922767483@g.us": {
      "badword": false,
      "antiforeignnum": false,
      "antibot": false,
      "antiviewonce": false,
      "antispam": false,
      "antivirtex": false,
      "antimedia": false,
      "antiimage": false,
      "antivideo": false,
      "antiaudio": false,
      "antipoll": false,
      "antisticker": false,
      "antilocation": false,
      "antidocument": false,
      "anticontact": false,
      "antilink": false,
      "antipromotion": false,
      "antilinkgc": false
    },
    "120363272628923502@g.us": {
      "badword": false,
      "antiforeignnum": false,
      "antibot": false,
      "antiviewonce": false,
      "antispam": false,
      "antivirtex": false,
      "antimedia": false,
      "antiimage": false,
      "antivideo": false,
      "antiaudio": false,
      "antipoll": false,
      "antisticker": false,
      "antilocation": false,
      "antidocument": false,
      "anticontact": false,
      "antilink": false,
      "antipromotion": false,
      "antilinkgc": false
    }
  },
  "game": {
    "math": []
  },
  "settings": {
    "919366316018@s.whatsapp.net": {
      "totalhit": 250,
      "totalError": 0,
      "online": false,
      "autosticker": false,
      "autodownload": false,
      "autobio": false,
      "autoread": false,
      "autoblocknum": false,
      "onlyindia": false,
      "onlyindo": false,
      "onlygrub": false,
      "onlypc": false,
      "autorecordtype": false,
      "autorecord": false,
      "autotype": false,
      "watermark": {
        "packname": "Sticker By",
        "author": "🦄드림 가이 Xeon\n\n+916909137213"
      },
      "about": {
        "bot": {
          "nick": "Hui",
          "alias": "Cheems Bot MD V12"
        },
        "owner": {
          "nick": "+91 69091 37213",
          "alias": "916909137213"
        }
      }
    },
    "916909137213@s.whatsapp.net": {
      "totalhit": 11,
      "totalError": 0,
      "online": false,
      "autosticker": false,
      "autodownload": false,
      "autobio": false,
      "autoread": false,
      "autoblocknum": false,
      "onlyindia": false,
      "onlyindo": false,
      "onlygrub": false,
      "onlypc": false,
      "autorecordtype": false,
      "autorecord": false,
      "autotype": false,
      "watermark": {
        "packname": "Sticker By",
        "author": "🦄드림 가이 Xeon\n\n+916909137213"
      },
      "about": {
        "bot": {
          "nick": "+91 69091 37213",
          "alias": "Cheems Bot MD V12"
        },
        "owner": {
          "nick": "+91 69091 37213",
          "alias": "916909137213"
        }
      }
    },
    "919402104403@s.whatsapp.net": {
      "totalhit": 28,
      "totalError": 0,
      "online": false,
      "autosticker": false,
      "autodownload": false,
      "autobio": false,
      "autoread": false,
      "autoblocknum": false,
      "onlyindia": false,
      "onlyindo": false,
      "onlygrub": false,
      "onlypc": false,
      "autorecordtype": false,
      "autorecord": false,
      "autotype": false,
      "watermark": {
        "packname": "Sticker By",
        "author": "🦄드림 가이 Xeon\n\n+916909137213"
      },
      "about": {
        "bot": {
          "nick": "+91 94021 04403",
          "alias": "Cheems Bot MD V13"
        },
        "owner": {
          "nick": "Xeon Bot User",
          "alias": "916909137213"
        }
      }
    },
    "919485490229@s.whatsapp.net": {
      "totalhit": 573,
      "totalError": 0,
      "online": false,
      "autosticker": false,
      "autodownload": false,
      "autobio": false,
      "autoread": false,
      "autoblocknum": false,
      "onlyindia": false,
      "onlyindo": false,
      "onlygrub": false,
      "onlypc": false,
      "autorecordtype": false,
      "autorecord": false,
      "autotype": false,
      "watermark": {
        "packname": "Sticker By",
        "author": "🦄드림 가이 Xeon\n\n+916909137213"
      },
      "about": {
        "bot": {
          "nick": "+91 94854 90229",
          "alias": "Cheems Bot MD V13"
        },
        "owner": {
          "nick": "Xeon Bot User",
          "alias": "916909137213"
        }
      }
    },
    "6283198768866@s.whatsapp.net": {
      "totalhit": 16,
      "totalError": 0,
      "online": false,
      "autosticker": false,
      "autodownload": false,
      "autobio": false,
      "autoread": false,
      "autoblocknum": false,
      "onlyindia": false,
      "onlyindo": false,
      "onlygrub": false,
      "onlypc": false,
      "autorecordtype": false,
      "autorecord": false,
      "autotype": false,
      "watermark": {
        "packname": "Sticker By",
        "author": "🦄드림 가이 Lorenzo\n\n+6283847736969"
      },
      "about": {
        "bot": {
          "nick": "const Lorenzo = require('Lorenzxz')",
          "alias": "Lorenzo"
        },
        "owner": {
          "nick": "+62 838-2553-6262",
          "alias": "6283825536262"
        }
      }
    },
    "6281515881647@s.whatsapp.net": {
      "totalhit": 13,
      "totalError": 0,
      "online": false,
      "autosticker": false,
      "autodownload": false,
      "autobio": false,
      "autoread": false,
      "autoblocknum": false,
      "onlyindia": false,
      "onlyindo": false,
      "onlygrub": false,
      "onlypc": false,
      "autorecordtype": false,
      "autorecord": false,
      "autotype": false,
      "watermark": {
        "packname": "Sticker By",
        "author": "🦄드림 가이 Lorenzo\n\n+6283847736969"
      },
      "about": {
        "bot": {
          "nick": "VBOT.INZ",
          "alias": "Lorenzo"
        },
        "owner": {
          "nick": "+62 838-2553-6262",
          "alias": "6283825536262"
        }
      }
    }
  },
  "message": {},
  "sticker": {},
  "others": {
    "vote": []
  }
}